345,45673894r,1182945,350,eulogio,martin martin
346,45673895r,1182946,350,antonio,colorin colorado
347,45673896r,1182947,350,ernesto,gomez gomez
348,45673897r,1182948,350,salvador,ferran martinez
350,45673899r,1182950,360,lucia,alonso cebran
351,45673900r,1182951,360,latonia,fernadez fernandez
352,45673901r,1182952,360,alonso,gomez sincler
353,45673902r,1182953,360,alfonso,de olivares linares
354,45673903r,1182954,360,fidel,martin ramos
355,45673904r,1182955,360,maria,ramos arranz
301,54839765t,1117282,350,test,test test
